CREATE TABLE IF NOT EXISTS jogo_campeonato (id INTEGER PRIMARY KEY, id_campeonato INTEGER NOT NULL, time_1 TEXT NOT NULL, time_2 TEXT NOT NULL, time_1_gols INTEGER NOT NULL, time_2_gols INTEGER NOT NULL, time_1_logo TEXT NOT NULL, time_2_logo TEXT NOT NULL, campeonato INTEGER NOT NULL, liga TEXT NOT NULL, data INTEGER NOT NULL, campeonato_etapa TEXT NOT NULL, campeonato_etapa_rodada INTEGER NOT NULL);
INSERT INTO jogo_campeonato(id, time_1, time_2, time_1_gols, time_2_gols, time_1_logo, time_2_logo, campeonato, liga, data, campeonato_etapa, campeonato_etapa_rodada, id_campeonato) VALUES (1, 'Brasil', 'Russia', 4, 5, 'https://upload.wikimedia.org/wikipedia/commons/thumb/0/05/Flag_of_Brazil.svg/2000px-Flag_of_Brazil.svg.png', 'https://cdn.britannica.com/42/3842-004-C238EDD3.jpg', 2018, 'S', 05032018, "1", 1, 8);
INSERT INTO jogo_campeonato(id, time_1, time_2, time_1_gols, time_2_gols, time_1_logo, time_2_logo, campeonato, liga, data, campeonato_etapa, campeonato_etapa_rodada,id_campeonato) VALUES (2, 'Zimbabwe', 'Austrália', 0, 2, 'http://flags.fmcdn.net/data/flags/w580/zw.png', 'https://i.ytimg.com/vi/Spka5PFmH0I/maxresdefault.jpg', 2018, 'M', 02032018, "1", 1, 8);
CREATE TABLE IF NOT EXISTS artilheiro_jogo (id INTEGER PRIMARY KEY AUTOINCREMENT, nome TEXT NOT NULL, id_jogo INTEGER NOT NULL, _time TEXT NOT NULL, time_logo TEXT NOT NULL, gols INTEGER NOT NULL, liga TEXT NOT NULL);
INSERT INTO artilheiro_jogo(id_jogo, nome, _time, time_logo, gols, liga ) VALUES (1, "Paulo João", "Brasil", "https://upload.wikimedia.org/wikipedia/commons/thumb/0/05/Flag_of_Brazil.svg/2000px-Flag_of_Brazil.svg.png", 3, "S");
INSERT INTO artilheiro_jogo(id_jogo, nome, _time, time_logo, gols, liga ) VALUES (1, "João Alberto", "Brasil", "https://upload.wikimedia.org/wikipedia/commons/thumb/0/05/Flag_of_Brazil.svg/2000px-Flag_of_Brazil.svg.png", 1, "S");
INSERT INTO artilheiro_jogo(id_jogo, nome, _time, time_logo, gols, liga ) VALUES (1, "Wicjstins", "Russia", "https://cdn.britannica.com/42/3842-004-C238EDD3.jpg", 5, "S");
INSERT INTO artilheiro_jogo(id_jogo, nome, _time, time_logo, gols, liga ) VALUES (2, "Max Rockatansky", "Australia", "https://i.ytimg.com/vi/Spka5PFmH0I/maxresdefault.jpg", 2, "M");
CREATE TABLE IF NOT EXISTS artilheiro_campeonato (id INTEGER PRIMARY KEY AUTOINCREMENT, nome TEXT NOT NULL, id_campeonato INTEGER NOT NULL, _time TEXT NOT NULL, time_logo TEXT NOT NULL, gols INTEGER NOT NULL, liga TEXT NOT NULL);
INSERT INTO artilheiro_campeonato(id_campeonato, nome, _time, time_logo, gols, liga ) VALUES (8, "Paulo João", "Brasil", "https://upload.wikimedia.org/wikipedia/commons/thumb/0/05/Flag_of_Brazil.svg/2000px-Flag_of_Brazil.svg.png", 34, "S");
INSERT INTO artilheiro_campeonato(id_campeonato, nome, _time, time_logo, gols, liga ) VALUES (8, "João Alberto", "Brasil", "https://upload.wikimedia.org/wikipedia/commons/thumb/0/05/Flag_of_Brazil.svg/2000px-Flag_of_Brazil.svg.png", 10, "S");
INSERT INTO artilheiro_campeonato(id_campeonato, nome, _time, time_logo, gols, liga ) VALUES (8, "Wicjstins", "Russia", "https://cdn.britannica.com/42/3842-004-C238EDD3.jpg", 52, "S");
INSERT INTO artilheiro_campeonato(id_campeonato, nome, _time, time_logo, gols, liga ) VALUES (8, "Max Ribeiro", "Australia", "https://i.ytimg.com/vi/Spka5PFmH0I/maxresdefault.jpg", 28, "M");
CREATE TABLE IF NOT EXISTS cartao_jogo (id INTEGER PRIMARY KEY AUTOINCREMENT, id_jogo INTEGER NOT NULL, _time TEXT NOT NULL, time_logo TEXT NOT NULL, jogador TEXT NOT NULL, cartao TEXT NOT NULL);
INSERT INTO cartao_jogo(id_jogo, _time, time_logo, jogador, cartao ) VALUES (1, "Brasil", "https://upload.wikimedia.org/wikipedia/commons/thumb/0/05/Flag_of_Brazil.svg/2000px-Flag_of_Brazil.svg.png", "Mauricio Ricardo", "V");
INSERT INTO cartao_jogo(id_jogo, _time, time_logo, jogador, cartao ) VALUES (2, "Zimbabwe", "http://flags.fmcdn.net/data/flags/w580/zw.png", "Al Chitau Oil", "A");
CREATE TABLE IF NOT EXISTS suspensao_jogo (id INTEGER PRIMARY KEY AUTOINCREMENT, id_jogo INTEGER NOT NULL, _time TEXT NOT NULL, time_logo TEXT NOT NULL, jogador TEXT NOT NULL, criterio TEXT NOT NULL, motivo TEXT NOT NULL);
INSERT INTO suspensao_jogo(id_jogo, _time, time_logo, jogador, criterio, motivo) VALUES (2,"Zimbabwe", "http://flags.fmcdn.net/data/flags/w580/zw.png", "Avach Na", 2, "V");
CREATE TABLE IF NOT EXISTS _time (id INTEGER PRIMARY KEY AUTOINCREMENT, nome TEXT NOT NULL, logo TEXT NOT NULL, pontos INTEGER NOT NULL, jogos INTEGER NOT NULL, saldo_gols INTEGER NOT NULL, liga TEXT NOT NULL, grupo TEXT NOT NULL);
INSERT INTO _time(nome, logo, pontos, jogos, saldo_gols, liga, grupo) VALUES ("Brasil", "https://upload.wikimedia.org/wikipedia/commons/thumb/0/05/Flag_of_Brazil.svg/2000px-Flag_of_Brazil.svg.png", 1, 2, -1, "S", "A");
INSERT INTO _time(nome, logo, pontos, jogos, saldo_gols, liga, grupo) VALUES ("Russia", "https://cdn.britannica.com/42/3842-004-C238EDD3.jpg", 1, 4, 1, "S", "A");
INSERT INTO _time(nome, logo, pontos, jogos, saldo_gols, liga, grupo) VALUES ("Zimbabwe", "http://flags.fmcdn.net/data/flags/w580/zw.png", 1, 0, -2, "M", "B");
INSERT INTO _time(nome, logo, pontos, jogos, saldo_gols, liga, grupo) VALUES ("Austrália", "https://i.ytimg.com/vi/Spka5PFmH0I/maxresdefault.jpg", 1, 1, 2, "M", "B");
